DDIR_Number,Division,County,City,Route_Direction,Route_Type,Route_Number,Ramp_Int,Road_Discript,MP,MP_Start,MP_End,Lat,Long_,Lat_Start,Lat_end,Long_Start,Long_end,Event_Year,Failure_Event,Weather,Front_Back,Repair_Cost,Repairs,Repair_Type,InspectionDate,Failure_Discript,Severity,Failure_Type,Shallow_Deep,Addition_Comment,FHWA _Disaster_No
030-01-25-1,13 Dutton,DeKalb,Guntersville,EB,SR,40,,,17.3,17.3,17.3,34.604802,-85.718039,,,,,2015,December Rain,Rain,Front,98788.78,"Unclassified Excavation, Rock Butress, Filter Fabric, Traffic Control, Erosion Control, Mobilization ",E/P,12/29/2015,Slide Front Slope,Traffic Control,Erosion,Shallow,,AL2016-1
030-01-36-1,13 Dutton,Jackson,Guntersville,NB,SR,117,,,24.5,24.5,24.5,34.759618,-85.697805,,,,,2015,December Rain,Rain,Front,93569.36,"Unclassified Excavation, Rock Butress, Filter Fabric, Traffic Control, Erosion Control, Mobilization ",P,1/12/2016,Slide Front Slope,Traffic Control,"Translational, Erosion",Shallow,Ponding at toe,AL2016-1
030-01-36-2,13 Dutton,Jackson,Guntersville,SB,SR,117,,,28.3,28.31,28.31,34.805587,-85.730203,,,,,2015,December Rain,Rain,Front,75592.74,"Unclassified Excavation, Rock Butress, Filter Fabric, 18'' Side Drain Pipe Class 3 RC, Traffic Control, Erosion Control, Mobilization, 18'' Side Drain Pipe End Treatments",P,1/12/2016,Slide Front Slope,"Traffic Control, Shoulder Closed",Translational,Shallow,Ponding at toe,AL2016-1
030-01-36-3,13 Dutton,Jackson,Guntersville,ALL,US,72,,,136.82,136.82,136.82,34.646228,-86.036523,,,,,2015,December Rain,Rain,Front,97947.8,"Unclassified Excavation, Rock Butress, Filter Fabric, Traffic Control, Erosion Control, Mobilization ",P,1/12/2016,Slide Front Slope,Traffic Control,Translational,Shallow,Ponding at toe,AL2016-1
030-01-22-1,14 Joppa,Cullman,Guntersville,NB,SR,91,,,32.929,32.929,32.929,34.123535,-86.668173,,,,,2015,December Rain,Rain,Front,8278.86,,E,1/12/2016,Shoulder Failure,Traffic Control,Rotational,Shallow,,AL2016-1
030-01-22-2,14 Joppa,Cullman,Guntersville,WB,US,278,,AL 74/US 278 MP 92.00,92,92,92,34.1745,-86.627291,,,,,2015,December Rain,Rain,Front,69314,"Unclassified Excavation, Rock Butress, Filter Fabric, Traffic Control, Erosion Control, Mobilization ",P,1/12/2016,Shoulder Failure,Traffic Control,Translational,Shallow,,AL2016-1
030-01-10-2,15 Gadsden,Cherokee,Guntersville,WB,SR,68,,,27.8,27,28,34.2141455,-85.7664285,34.220119,34.208172,-85.767531,-85.765326,2015,December Rain,Rain,Front,263000,"Mobilization, Erosion Control, Slope Stabilization, Rip Rap, Cleaning and Grubbing, Excavation and Hauling, Grading of Slopes, Seeding and Mulching",E/P,1/12/2016,"Slide has undermined AL 68 (Westbound Direction Closed and Detoured), landslide at guardrail ","Lane Closed, Traffic Control",Rotational,Shallow,"Traffic control, replace guarddrail, repave, sand and rock",AL2016-1
030-01-28-1,15 Gadsden,Etowah,Guntersville,SB,US,431,,,,271,272,34.077155,-86.1187055,34.071659,34.082651,-86.124086,-86.113325,2015,December Rain,Rain,Back,44266.96,,E,1/12/2016,Rock slide US 431 Attalla,Road Closed,Rock Fall,Shallow,Traffic Control ,AL2016-1
030-01-28-2,15 Gadsden,Etowah,Guntersville,ALL,US,411,,,223.5,223.5,223.5,34.063651,-85.922645,,,,,2015,December Rain,Rain,Back,180990,"Unclassified Excavation, Rock Butress, Filter Fabric, Traffic Control, Erosion Control, Mobilization ",P,1/12/2016,Three Slides on Backslopes,Traffic Control,"Translational, Erosion",Shallow,,AL2016-1
030-02-30-1,22 Moulton,Franklin,Tuscumbia,WB,SR,24,,,26.5,26.5,27,34.487808,-87.729479,,,,,2015,December Rain,Rain,Back,14084.62,,E,1/14/2016,Back Slope Failure,Traffic Control,"Translational, Erosion",Shallow,,AL2016-1
030-02-30-2,22 Moulton,Franklin,Tuscumbia,SB,SR,17,,,300,300,300.01,34.377279,-86.760092,,,,,2015,December Rain,Rain,Front,181370.74,"Rip Rap, Crush Aggregate",P,1/14/2016,Front Slope Failure (slide) outslide shoulder on south bound travel lane.  Area 55' W X 190' L,No impact,Unknown,Shallow,Pictures difficult ot interpert,AL2016-1
030-02-52-1,24 Morgan,Morgan,Tuscumbia,NB,SR,67,,,39.25,39.25,39.25,34.561699,-86.982813,,,,,2015,December Rain,Rain,Front,1048150,"Soil Nail Wall, Unclassified Excavation, Aggregate Surfacing, Mobilization, Filter Blanket, Geotextile, Topsoil, Seeding, Mulching, Temporary Mulch, Temp ALDOT #1 Stone, Inlet Protection Type 3 or 4, Wattles, Traffic Control",P,1/14/2016,"Slope Failure, water seeping onto road, CSX RR. Over Central Ave.",Traffic Control,Translational,Shallow,,AL2016-1
030-03-5-1,32 Oneonta,Blount,Birmingham,NB,SR,3,,,306.2,306.2,306.3,33.922607,-86.809241,,,,,2015,December Rain,Rain,Back,33397,"Rip Rap, Geotextile Filter Fabric ",E,1/14/2016,"break on backslope, slide area",No impact,Rotational,Shallow,,AL2016-1
030-04-8-2,42 Anniston,Calhoun,Alex City,SB,SR,77,,,90.5,90.5,90.5,33.785837,-86.035925,,,,,2015,December Rain,Rain,Back,59470.6,"Removal of Material, Rip Rap, Filter Blanket, Concrete Flume (Slope Paving)",E/P,1/26/2016,Backslope failure,No impact,Translational,Shallow,,AL2016-1
030-10-64-3,58,Walker,Fayette,,SR,69,,,214,213.95,214.05,33.8992055,-87.153623,33.898649,33.899762,-87.154196,-87.15305,2015,December Rain,Rain,Front,67030.77,Rip Rap,E/P,1/26/2016,slide area,Lane Closed,"Translational, Erosion",Shallow,Ponding at toe,AL2016-1
030-10-64-4,59,Walker,Fayette,,SR,5,,,186,186,186,33.971908,-87.459075,,,,,2015,December Rain,Rain,Front,109148.89,Rip Rap,E/P,1/26/2016,slope failure,No impact,Erosion,Shallow,,AL2016-1
030-10-47-8,59,Marion,Fayette,WB,I,22,,,16.9,16.9,16.9,34.071822,-87.976292,,,,,2015,December Rain,Rain,Back,246803.61,Rip Rap,P,1/26/2016,slope failure,No impact,Translational,Shallow,,AL2016-1
030-10-47-5,59,Marion,Fayette,WB,I,22,,,17.2,17.15,17.25,34.071415,-87.971244,,,,,2015,December Rain,Rain,Back,225994.8,Rip Rap,P,1/26/2016,Back slope slope failure (slide),No impact,Translational,Shallow,Ponding at toe,AL2016-1
030-10-47-7,59,Marion,Fayette,,SR,172,,,16.1,16,16.1,34.274799,-87.8197975,34.275167,34.274431,-87.820547,-87.819048,2015,December Rain,Rain,Front,17774.05,Rip Rap,E,1/25/2016,Front slope failure (slide),No impact,Erosion,Shallow,,AL2016-1
030-06-6-2,62 Union Springs,Bullock,,,US,82,,SR 6 (US 82) MP 182,182,182,182,32.127873,-85.956106,,,,,2015,December Rain,Rain,Front,1687700,"Unclassified Excavation, Borrow Material, Asphalt Paving, Seeding and Mulching, Netting, Emergency Repair and Equipmtent, Traffic Control, Pavement",E/P,1/8/2016,Front slope failure,Traffic Control,Erosion,Shallow,,AL2016-1
030-06-44-2,62 Union Springs,Macon,,SB,I,85,,,,41,41,32.479032,-85.654065,,,,,2015,December Rain,Rain,Back,1419000,"Debris Removal, Unclassified, Borrow, Erosion Control, Traffic Control, Rock Buttress, Clearing and Grubbing",P,1/8/2016,Back slope failure,Traffic Control,Rotational,Shallow,,AL2016-1
030-06-44-4,62 Union Springs,Macon,,SB,I,85,,,,32.5,32.5,32.444714,-85.790171,,,,,2015,December Rain,Rain,Front,105622,"Unclassified, Borrow, Minor Structure Concrete Prepair, Erosion Control, Traffic Control, Site Access",P,1/8/2016,Front slope failure & culvert wing damage,Traffic Control,Translational,Shallow,Stream nearby,AL2016-1
030-06-44-5,62 Union Springs,Macon,,NB,I,85,,,,38.7,38.7,32.474898,-85.685004,,,,,2015,December Rain,Rain,Front,305800,"Unclassified Excavation, Rock Buttress, Borrow, Erosion, Site Access",P,1/8/2016,Slide,No impact,"Translational, Erosion",Shallow,,AL2016-1
030-06-44-8,62 Union Springs,Macon,,,US,80,,,183.5,183.5,183.5,32.456373,-85.542667,,,,,2015,December Rain,Rain,Front,7230.91,Erosion Control,P,3/3/2016,Slope Failure,No impact,Rotational,Shallow,,AL2016-1
030-06-44-11,62 Union Springs,Macon,,SB,I,85,,,37.8,37.8,,32.470504,-85.699607,,,,,2015,December Rain,Rain,Front,451000,"Unclassified Excavation, Rip Rap, Traffic Control, Erosion Control, Guardrail Removal/Install",P,3/1/2016,Slope Failure,Traffic Control,Translational,Shallow,,AL2016-1
030-06-44-12,62 Union Springs,Macon,,NB,I,85,,,38.5,38.5,,32.473857,-85.68827,,,,,2015,December Rain,Rain,Front,311844.5,"Unclassified, Rip Rap for Rock Buttress, Erosion Control, Traffic Control, Guardrail Removal and Reset",P,3/15/2016,Slope Failure,Traffic Control,Translational,Shallow,,AL2016-1
030-06-44-13,62 Union Springs,Macon,,NB,I,85,,,,38.7,,32.474916,-85.685012,,,,,2015,December Rain,Rain,Front,94820,"Unclassified, Borrow, Erosion Control, Traffic Control",P,3/15/2016,Slope Failure,Traffic Control,Translational,Shallow,,AL2016-1
030-06-44-14,62 Union Springs,Macon,,NB,I,85,,,37.8,37.8,,32.470504,-85.699607,,,,,2015,December Rain,Rain,Front,82170,"Unclassified, Rip Rap for Rock Buttress, Erosion Control, Traffic Control and Reset Guardrail",P,3/15/2016,Slope Failure,Traffic Control,Translational,Shallow,,AL2016-1
030-06-44-15,62 Union Springs,Macon,,SB,I,85,,,40.2,40.2,,32.475308,-85.668154,,,,,2015,December Rain,Rain,Front,588500,"Unclassified, Rip Rao for Rock Buttress, Erosion Control, Traffic Control, Encase 6'' Sewage Force Main, Guardrail Reset",P,3/15/2016,Slope Failure,Traffic Control,"Translational, Erosion",Shallow,,AL2016-1
030-06-51-1,63 Montgomery,Montgomery,,NB,US,82,,,170.7,170.7,170.7,,,,,,,2015,December Rain,Rain,Front,75438,"Unclassified, Borrow, Traffic Control, Erosion Control, Rip Rap Channel, Guardrail Removal and Replace",P,1/22/2016,Front slope failure,Traffic Control,Rotational,Shallow,,AL2016-1
030-06-51-2,63 Montgomery,Montgomery,,SB,US,231,,,98,98,98,32.094225,-86.064463,,,,,2015,December Rain,Rain,Back,127875,"Unclassified, Borrow, Traffic Control, Erosion Control",P,1/22/2016,Back slope failure,Traffic Control,Translational,Shallow,,AL2016-1
030-06-51-3,63 Montgomery,Montgomery,,,I,65,,,165,164,164,32.263973,-86.356821,,,,,2015,December Rain,Rain,Front,116600,"Unclassified, Borrow, Traffic Control, Erosion Control",P,1/22/2016,Front slope failure,Traffic Control,Translational,Shallow,,AL2016-1
030-06-51-5,63 Montgomery,Montgomery,,,I,85,,,4.8,4.8,4.8,32.360544,-86.234526,,,,,2015,December Rain,Rain,Back,40700,"Unclassidied, Borrow, Traffic Control, Erosion Control",P,1/22/2016,Back slope failure,Traffic Control,Translational,Shallow,Bridge Adbutment,AL2016-1
030-06-51-6,63 Montgomery,Montgomery,,NB,I,85,,,16.1,16.1,16.1,32.368265,-86.054667,,,,,2015,December Rain,Rain,Front,124300,"Unclassidied, Borrow, Traffic Control, Erosion Control",P,1/22/2016,Front slope failure,Traffic Control,Translational,Shallow,,AL2016-1
030-06-51-8,63 Montgomery,Montgomery,,SB,I,85,Ramp,,16.1,16.1,16.1,32.368265,-86.054667,,,,,2015,December Rain,Rain,Front,116600,"Unclassidied, Borrow, Traffic Control, Erosion Control",P,1/22/2016,Front slope failure (off ramp),Traffic Control,Rotational,Shallow,,AL2016-1
030-06-51-9,63 Montgomery,Montgomery,,SB,US,331,,,75.6,75.6,75.6,31.990088,-86.292177,,,,,2015,December Rain,Rain,Front,874500,"Unclassidied, Borrow, Traffic Control, Erosion Control, Rock Buttress, Rip Rap Slope",P,1/22/2016,Front slope failure,Traffic Control,Rotational,Shallow,,AL2016-1
030-06-51-10,63 Montgomery,Montgomery,,,US,82,,SR 6 (US 82) MP 154,154,154,154,,,,,,,2015,December Rain,Rain,Front,98362,"Unclassidied, Borrow, Traffic Control, Gaurdrail Removal and Replace, Rip Rap Slope, Cleaning and Grubbing",P,1/22/2016,Flume wash out / Front slope repair,Traffic Control,Erosion,Shallow,Flume Washout,AL2016-1
030-06-51-11,63 Montgomery,Montgomery,,,SR,152,,,0,0,0,32.389436,-86.323148,,,,,2015,December Rain,Rain,Front,46145,"Unclassidied, Borrow, Traffic Control, Erosion Control, Cleaning and Grubbing",P,1/22/2016,Front slope failure,Traffic Control,"Rotational, Erosion",Shallow,,AL2016-1
030-06-7-1,64 Greenville,Butler,,,SR,185,,,10.1,10.1,10.1,31.912119,-86.642187,,,,,2015,December Rain,Rain,Front,80580,"Unclassidied Excavation, Borrow, Traffic Control, Erosion Control, Rip Rap, Culvert Repair, Asphalt Paring",E/P,1/11/2016,Culvert scour & front slope failure,Traffic Control,Translational,Shallow,,AL2016-1
030-06-7-2,64 Greenville,Butler,,,SR,263,,,7.9,7.9,10.7,31.9926595,-86.7377675,31.977019,32.0083,-86.722524,-86.753011,2015,December Rain,Rain,Front,346500,"Unclassidied Excavation, Borrow, Traffic Control, Erosion Control, Rip Rap (Rock Buttress) ",P,1/11/2016,"Front slope failures (7.9, 8.8, 10.7)",Traffic Control,Rotational,Shallow,,AL2016-1
030-06-7-3,64 Greenville,Butler,,,SR,263,,,10.7,10.7,10.7,32.0083,-86.753011,,,,,2015,December Rain,Rain,Front,98450,"Unclassidied Excavation, Borrow, Traffic Control, Erosion Control",P,1/11/2016,Front slope failure,Traffic Control,Translational,Shallow,,AL2016-1
030-06-24-1,65 Selma,Dallas,,,SR,5,Intersection,SR 5 at US 80,,,,,,,,,,2015,December Rain,Rain,Front,93500,"Unclassidied Excavation, Borrow, Traffic Control, Erosion Control",P,1/22/2016,Front Slope Failure,Traffic Control,Translational,Shallow,,AL2016-1
030-06-43-1,65 Selma,Lowndes,,,US,80,,,108.5,108.5,108.5,32.264023,-86.686004,,,,,2015,December Rain,Rain,Front,70680.98,"Unclassidied Excavation, Borrow, Traffic Control, Erosion Control, Rock Buttress, Asphalt Repair ",E/P,1/22/2016,Front slope/Roadway failure,"Lane Closed, Traffic Control","Translational, Erosion",Shallow,,AL2016-1
030-06-43-2,65 Selma,Lowndes,,,US,80,,,110.7,110.7,110.7,32.263803,-86.631555,,,,,2015,December Rain,Rain,Front,60225,"Unclassidied Excavation, Borrow, Traffic Control, Erosion Control, Rock Buttress",P,1/22/2016,"Front slope failure, Flume",Traffic Control,Erosion,Shallow,Ponding at toe,AL2016-1
030-06-57-1,66 Seale,Russell,,,SR,165,,,15,15,15,32.192832,-85.039896,,,,,2015,December Rain,Rain,Front and Back,417500,"Rock Buttress, Unclassified, Erosion Control",E/P,1/12/2016,Front slope failure,Lane Closed,Rotational,Shallow,Trees fell,AL2016-1
030-06-57-4,66 Seale,Russell,,,SR,165,,,6.5,6.5,6.5,32.077012,-85.082595,,,,,2015,December Rain,Rain,Front,10930,"Rip Rap Basin, Borrow",E/P,1/12/2016,Culvert scour & front slope failure,No impact,"Translational, Erosion",Shallow,Stream nearby,AL2016-1
030-06-57-2,66 Seale,Russell,,,US,431,,,105,105,105,32.37599,-85.087948,,,,,2015,December Rain,Rain,Back,135300,"Rock Buttress, Unclassified, Erosion Control",P,1/12/2016,Back slope failure,No impact,Translational,Shallow,,AL2016-1
030-06-57-5,66 Seale,Russell,,,US,431,,,,85.5,88,32.1593065,-85.172128,32.143227,32.175386,-85.167084,-85.177172,2015,December Rain,Rain,Front and Back,1765500,"Rock Buttress, Unclassified, Erosion Control",P,1/12/2016,"Front slope failures (85.5, 86, 87, 88)",No impact,"Rotational, Translational",Shallow,,AL2016-1
030-06-57-3,66 Seale,Russell,,,US,80,,,216,216,216,32.492924,-85.024835,,,,,2015,December Rain,Rain,Back,7700,Slide Repair,P,1/12/2016,Back slope failure,No impact,Erosion,Shallow,Ponding at toe,AL2016-1
030-06-57-8,66 Seale,Russell,,,US,431,,,108,108,108,32.406777,-85.052111,,,,,2015,December Rain,Rain,Back,104500,"Rock Buttress, Unclassified, Erosion Control",P,1/12/2016,Back Slope Failure,No impact,"Translational, Erosion",Shallow,Ponding at toe,AL2016-1
030-06-57-7,66 Seale,Russell,,,SR,165,,,10.5,10.5,10.5,32.133066,-85.069133,,,,,2015,December Rain,Rain,Back ,66000,Rock Buttress,P,1/12/2016,Backslope failure / Fill Slope Failure,No impact,Rotational,Shallow,,AL2016-1
030-07-16-19,72 Enterprise,Coffee,,,SR,167,,,,37.3,37.8,31.470703,-85.9033415,31.46748,31.473926,-85.901437,-85.905246,2015,December Rain,Rain,Front,11000,"Embankment, Erosion Control, Seeding, Traffic Control",P,1/13/2016,Several small slope washes and slides. Approximately 1/4 mile of access road to be re-worked.,"Traffic  Control, Lane Closed",Rotational,Shallow,,AL2016-1
030-07-21-1,73 Andalusia,Crenshaw,,,SR,9,,AL9 and US 331 MP 39.8,39.8,39.8,39.8,31.520646,-86.237649,,,,,2015,December Rain,Rain,Front,38500,"Shoulder Pavement, Embankment Guardrail Reset, Seeding, Traffic Control",E/P,1/12/2016,Slope failure up to and under paved shoulder including undermining of guardrail,"Traffic Control, Lane Closed",Rotational,Shallow,,AL2016-1
030-07-21-2,73 Andalusia,Crenshaw,,,SR,9,,AL 9 US 331 MP 41.53 to MP41.9,,41.53,41.9,31.543591,-86.236026,,,,,2015,December Rain,Rain,Front,250800,"Embankment, Rip Rap, Palled Ditch, Box Culvert Extension to Mitigate Further Damage, Traffic Control, Ecavation, wing walls, rip rap, embankment",E/P,1/12/2016,"Partial loss of crossdrain pipe and slope failure w/8"" gas main exposed. Some ER repairs done to prevent further damage.  Slope failure, box culvert undermined and broken.  Wing Walls resting on gas transmission line.  Erosion protection measure failed",Traffic Control,Erosion,Shallow,Ponding at toe,AL2016-1
030-07-21-3,73 Andalusia,Crenshaw,,,SR,9,,,,41.72,,31.545519,-86.238336,,,,,2015,December Rain,Rain,,250801,,E/P,,Slope failure and possible concrete flume to be replaced,No impact,Translational,,,
030-07-55-7,75 Troy,Pike,,,SR,10,,AL 10 US 231 ,169,169,169,31.797437,-85.982247,,,,,2015,December Rain,Rain,Front,92400,"Embankment, Erosion Netting, Culvert and Drainage Cleaning, Repair Wingwall",P,1/7/2016,Troy bypass near Spurlock Junk - multiple slope slide including @ large bridge culvert w/guardrail and laminar undermined. Some ER repairs done to prevent further damage. Drainage backup,No impact,Erosion,Shallow,,AL2016-1
030-07-55-8,75 Troy,Pike,,,US,231,,US 231,170.05,170.05,170.05,31.788064,-85.969518,,,,,2015,December Rain,Rain,Front,13832.5,"Excavation, Fill Material to Restore Slope",E/P,1/7/2016,Troy bypass - slope slide w/guardrail post undermined to EP. Some ER repairs done to prevent further damage.,No impact,Erosion,Shallow,,AL2016-1
030-07-55-9,75 Troy,Pike,,,SR,93,,,2.95,2.95,2.95,31.74332,-85.819328,,,,,2015,December Rain,Rain,Front,220550,"Reshape Slope, Add Underdrain, Rip Rap Buttress, Traffic Control",E,1/7/2016,"N of Brundidge - large slide of shoulder and front slope up to EP of SBL. Banks 4"" water main ruptured in failure. Active construction project with APAC-Midsouth, Southside, Drainage Pipe","Lane Closed, Traffic Control",Rotational,Shallow,,AL2016-1
030-07-3-1,76 Eufaula,Barbour,,,SR,6,,US 82 ,,227,228,32.0002155,-85.282431,32.004776,31.995655,-85.288963,-85.275899,2015,December Rain,Rain,Front,137500,"Traffic Control, Embankment Rip Rap, Seeding and Machine, Relaying Pipe Hdwl",E,1/11/2016,"Loss of shoulder around roadway pipe and ditch. Slope failure around guardrail , lost of embankment protection",Traffic Control,Rotational,Shallow,"Ponding at toe, Stream",AL2016-1
030-07-3-2,76 Eufaula,Barbour,,,SR,30,Intersection,AL 30 and AL 198 MP 2,,2,,31.86583,-85.43293,,,,,2015,December Rain,Rain,Front,82500,"Embankment, Underdrain, Seeding, Mulching",P,1/11/2016,Jct SR 198 - major slope failure. Need geotech consultation,No impact,Translational,Shallow,,AL2016-1
030-07-3-4,76 Eufaula,Barbour,,,SR,51,,Near Tire Shop,,39.756,,31.779725,-85.559974,,,,,2015,December Rain,Rain,Front,605000,"Asphalt, Drainage Pipe, Embankment, Grouting, Seeding, Rip Rap",E/P,1/11/2016,SE slope slide behind guardrail. NW slope slide behind guardrail at toe of slope,"Lane Closed, Traffic Control",Translational,Shallow,,AL2016-1
030-07-3-16,76 Eufaula,Barbour,,,SR,51,,,,50.3,50.8,31.892836,-85.464944,31.889461,31.896211,-85.46349,-85.466398,2015,December Rain,Rain,Front,340500,"Traffic Control, Drainage Structures, Pipe, Embankment",E,1/8/2016,"Slope failure, Road Undermined, Slope Pavement Failure","Traffic Control, Lane Closed",Rotational,Shallow,Stream nearby,AL2016-1
030-07-3-23,76 Eufaula,Barbour,,,SR,82,,,220.8,220.8,,32.039265,-85.412591,,,,,2015,December Rain,Rain,,511500,"Traffic Control, Asphalt Repaire, Drainage Structures, Pipe, Embankment, Rip Rap",E/P,1/7/2016,"Culvert Damaged, and slope failure",Traffic Control,Unknown,,Pictures are not of slope failure,AL2016-1
030-07-3-9,76 Eufaula,Barbour,,,SR,131,,,6.8,6.8,,31.709603,-85.44446,,,,,2015,December Rain,Rain,Front,275000,"48'' Pipe Embankment, Embankment Asphalt, Traffic, Striping, Rip Rap",E,1/11/2016,"48"" CMP failure caused shoulder drop leading to additional failure.  48"" pipe embankment, embankment asphalt, traffic striping, rip rap",Close Shoulder,Erosion,Shallow,Loss of shoulder,AL2016-1
SW-5,93 Evergreen,Conecuh,Mobile,NB,I,65,,,89.4,89.4,89.4,31.378451,-87.042362,,,,,2015,December Rain,Rain,Back,8250,"Remove Loss Material, Replace with Fill Material",P,1/15/2016,Back slope slide,No impact,Translational,Shallow,,AL2016-1
SW-1,93 Evergreen,Conecuh,Mobile,NB,I,65,,,94.9,94.9,94.9,31.44244,-86.97892,,,,,2015,December Rain,Rain,Back,8250,"Cut Material Out, Install Underdrain and Place Geo-fabric Material",P,1/15/2016,Back slope slide,No impact,Translational,Shallow,,AL2016-1
SW-4,93 Evergreen,Conecuh,Mobile,NB,I,65,,,77.6,77.6,77.6,31.279716,-87.200552,,,,,2015,December Rain,Rain,Front,22000,"Remove Material, Placement of Crushed Stone",P,1/15/2016,Minor slide on front slope,No impact,Translational,Shallow,,AL2016-1
030-16-107-2,,Coffee,,,CR,107,,3/4 mile west CR117 relief bridge scour pea river site 2,,,,,,,,,,2015,December Rain,Rain,,68444,Rip-Rap Class 2,,2/4/2016,Local Bent Scour Erosion Under Relief Bridge ,No impact,Erosion,Shallow,Under bridge,AL-2016-1
Colbert-01,2,Colbert,,,US,43,,"US 43 at Vandiver Road (CR 78, SR 13) from MP 311.38 to MP 311.68",,311.38,311.68,34.625357,-87.639688,,,,,2004,Hurricane Ivan,Rain,Front,148460,Rip Rap,,9/23/2004,Slide Areas ,No Impact,Translational,Shallow,,1-Apr
1-Mar,3,Shelby,,,SR,25,,SR 25 at MP 164.5,164.5,,,33.490805,-86.542958,,,,,2004,Hurricane Ivan,Rain,Front,86323,"Borrow, Rip Rap, Reset Guardrail, Top Soil, Seeding, Construction Road",,9/29/2004,Front Slope Slide,No Impact,Translational,Shallow,,1-Apr
Chilton-01,5,Chilton,,,US,82,,US 82 at MP 112,112,,,32.701092,-86.807211,,,,,2004,Hurricane Ivan,Rain,,25000,,,,Slide Repair,,Unknown,,In DDIR Summery Report,
Six-2,6,Dallas,,,SR,5,Intersection,State Route 5 South of intersection with US 80,,,,32.43573,-87.358175,,,,,2005,Hurricane Dennis,Rain,Front,312500,"Rock Buttress, Borrow, Unclassified Excavation, Seeding, Bituminous Mix",,7/15/2005,"Slide Repair, Slide 100 ft in length bordering east isde of roadway at the shoulder with some loss of pavement requiring one lane to be closed",Lane Closed,Translational,Shallow,,2005-2
Six-3,6,Montgomery,,,US,80,Ramp,On US 80 Interchange ramps with I-65,,,,32.311367,-86.350722,,,,,2005,Hurricane Dennis,Rain,,236250,"Rock Buttress, Borrow, Unclassified Excavation, Seeding",,7/15/2005,Large Slides at Three Locations,,Unknown,,,
Marengo-1,8,Marengo,,,SR,10,,State Route 10 at MP 50.5 to MP 51.5,,50.5,51.5,32.0481015,-87.698365,32.050712,32.045491,-87.706456,-87.690274,2005,Hurricane Dennis,Rain,,17100,Repair Slide,,,Slide Repair,,Unknown,,,
Marengo-2,8,Marengo,,,SR,10,,State Route 10 at MP 47.9,47.9,,,32.054559,-87.75004,,,,,2005,Hurricane Dennis,Rain,,5150,Repair Slide,,,Slide Repair,,Unknown,,,
Marengo-3,8,Marengo,,,SR,5,,State Route 5 at MP 13.7,13.7,,,32.030284,-87.565299,,,,,2005,Hurricane Dennis,Rain,,15000,Repair Slide,,,Slide Repair,,Unknown,,,
Monroe-1,8,Monroe,,,SR,265,,State Route 265 at MP 16.5,16.5,,,31.942842,-87.255787,,,,,2005,Hurricane Dennis,Rain,,17183,Repair Slide,,,Slide Repair,,Unknown,,,
Monroe-2,8,Monroe,,,SR,41,,State Route 41 at MP 49.5,49.5,,,31.552363,-87.33712,,,,,2005,Hurricane Dennis,Rain,,21854,Repair Slide,,,Slide Repair,,Unknown,,,
013-09-2-3,1,Baldwin,,,I,10,,I-10 East/West btw MP 57 & 59.5,,57,59.5,30.5937865,-87.5406425,30.603633,30.58394,-87.557783,-87.523502,2009,March Flooding,Flooding,Front,1163277,"Install Road Buttresses, Underlaying Sand, Grass for Slopes, Install Slope Drains",,4/7/2009,Slides on front slopes along the interstate that are approaching the guardrail and paved shoulders. ,,Unknown,,,AL09-1
13-08-13-1,7,Clarke,,,SR,5,,SR-5 MP 0.1 - 3.0,,0.1,3,31.9545535,-87.7169795,31.944233,31.964874,-87.7363,-87.697659,2009,March Flooding,Flooding,Front,15000,Slide Stabilization,,Unknown,Slope Slide,No Impact,Translational,Shallow,,AL09-1
013-08-13-2,1,Clarke,,,SR,13,,SR 13 (US 43) MP 60.8,60.8,,,31.525779,-87.906925,,,,,2009,March Flooding,Flooding,,400000,"Drainage Stucture and Slope Repair, Traffic Control, Temp Patch and Shoulder Repair",,4/9/2009,Drainage Structure and slope repair,,Rotational,Shallow,Draining system failure--concrete slab?,AL09-1
013-08-13-3,1,Clarke,,,SR,69,,SR-69 MP 8.0,8,,,31.59996,-87.983692,,,,,2009,March Flooding,Flooding,Front,30000,"Traffic Control, Temp Patch, Shoulder Repair",,4/9/2009,Slide & Pavement Repair,"Lane Closed, Traffic Control",Translational,Shallow,,AL09-1
013-08-13-4,1,Clarke,,,US,43,,US 43 MO 80.5 ,80.5,,,31.761583,-87.763406,,,,,2009,March Flooding,Flooding,,25000,,,4/9/2009,Slide ,,Translational,Shallow,,AL09-1
013-08-12-1,7,Choctaw,,,SR,17,,SR -17 MPO 109.0 ,109,,,32.093724,-88.220752,,,,,2009,March Flooding,Flooding,Front,30000,Slide Stabilization,,4/9/2009,Slope Slide,Traffic Cones,Translational,Shallow,,
013-08-12-2,7,Choctaw,,,SR,12,,SR 12 (US 84) MP 15.0,15,,,31.773618,-88.21943,,,,,2009,March Flooding,Flooding,Front,50000,Road Stabilized,,4/9/2009,Slide and guardrail repair/ shoulder repair,No Impact,Translational,Shallow,,AL09-1
013-07-31-2,2,Geneva,,,SR,27,,AL 27 MP 3.4 (S of Pea River) ,3.4,,,31.028544,-85.882377,,,,,2009,March Flooding,Flooding,Front,103870,"Borrow Excavation, Unclassified Excavation, Rip Rap, Filter Blanket, Grassing",,4/7/2009,Slope Slide,Traffic Cones,Translational,Shallow,,
013-07-31-2,2,Geneva,,,SR,27,,AL 27 MP 4.0 (L&R side),4,,,31.028544,-85.882377,,,,,2009,March Flooding,Flooding,Front,103870,"Borrow Excavation, Unclassified Excavation, Rip Rap, Filter Blanket, Grassing",,4/7/2009,Slope Slide,Traffic Cones,Translational,Shallow,,
013-07-35-4,2,Houston,,,SR,52,Ramp,AL 52 Ross Clark Cir Ramp MP 65.75,65.75,,,31.222676,-85.360261,,,,,2009,March Flooding,Flooding,Front,76785,"Unclassified Excavation, Filter Blanket, Rip Rap",,4/7/2009,200 ft slope slide,No Impact,Translational,Shallow,,AL09-1
013-07-35-3,2,Houston,,,SR,52,,AL 52 MP 82.66 (L&R) Chattahoochee River Brige,82.66,,,31.285571,-85.100876,,,,,2009,March Flooding,Flooding,Front and Back,52750,"Unclassified Excavation, Rip Rap, Seeding",,4/7/2009,Slope Slide,No Impact,Translational,Shallow,,AL09-1
013-07-23-1,2,Dale,,,SR,134,Junction,AL 134/231 Junction MP 30.7,30.7,,,31.314287,-85.5072,,,,,2009,March Flooding,Flooding,Front,54175,"Unclassified Excavation, Rip Rap, Filter Fabric, Borrow Excavation, Top Soil, Seeding",,4/7/2009,Slide on fill slope,No Impact,Translational,Shallow,,AL09-1
013-07-35-2,2,Houston,,,SR,95,,AL 95 MP 17.43 near Nuclear Power Plant,17.43,,,31.227345,-85.124228,,,,,2009,March Flooding,Flooding,Front,5770,"Headwall, Topsoil, Seeding, Planymix",,4/7/2009,Slope Slide,No Impact,Translational,Shallow,Stream Nearby,AL09-1
013-08-46-1,7,Marengo,,,SR,8,,SR-8 (US 80) MP 31.1 ,31.1,,,32.474274,-87.884258,,,,,2009,March Flooding,Flooding,Front,50000,Slide Repair,,4/8/2009,Slide Repair,Traffic Cones,Translational,Shallow,,AL09-1
013-08-46-2,7,Marengo,,,SR,13,,SR-13 (US 43) MP 105.5 MP 110.9 ,,105.5,110.9,32.147356,-87.7794265,32.109768,32.184944,-87.781799,-87.777054,2009,March Flooding,Flooding,Front,60000,"Slide Repair, Pipe Repair",,4/8/2009,Slope Slide,No Impact,Erosion,Shallow,Previous repair--Rip Rap,AL09-1
013-08-46-4,7,Marengo,,,SR,10,,SR 10 MP 50.3 ,50.3,,,32.058133,-87.814381,,,,,2009,March Flooding,Flooding,Front,15000,"Slide Repair, Stabilization",,4/8/2009,Slide 150',Traffic Cones,Translational,Shallow,,AL09-1
013-08-46-5,7,Marengo,,,SR,28,,SR-28,,,,,,,,,,2009,March Flooding,Flooding,Front,8550,Slide Stabilization,,,Slope Slide,No Impact,Surface Erosion,Shallow,,AL09-1
013-08-60-1,7,Sumter,,,US,80,,US 80 MP 21-23.5,,21,23.5,32.458136,-88.0337615,32.458466,32.457806,-88.046188,-88.021335,2009,March Flooding,Flooding,Front,130000,Slide Repair,,4/8/2009,Slide,No Impact,Translational,Shallow,,AL09-1
013-08-65-1,1,Washington ,,,SR,17,,SR-17 MP 43-7-43-9,,43.7,43.9,31.249756,-88.3071995,31.248573,31.250939,-88.307994,-88.306405,2009,March Flooding,Flooding,Front,30000,Temporary Sabilization,,4/9/2009,Slide,No Impact,Translational,Shallow,,AL09-1
013-08-66-1,7,Wilcox,,,SR,5,,SR-5 MP 28.1 ,28.1,,,32.192451,-87.460333,,,,,2009,March Flooding,Flooding,Back,50000,"Slide Repair Several Locations at the Site, Removed Debris from Roadway",,4/8/2009,Catherine Slide,No Impact,Translational,Shallow,"Several Locations at the site, removed debris from roadway",AL09-1
013-08-66-2,7,Wilcox,,,SR,25,,SR -25 MP 1.4,1.4,,,31.988057,-87.661173,,,,,2009,March Flooding,Flooding,Front,8000,Slide Stabilization,,,Slope Slide,No Impact,Erosion,Shallow,,AL09-1
LTDALE12,2,Dale,,,SR,51,,AL 51 MP 21.5,21.5,,,31.574909,-85.739368,,,,,2009,March Flooding,Flooding,Front,21258,"Rip Rap, Unclassified Excavation, Borrow, Seeding",,5/1/2009,Large slide,No Impact,Rotational,Shallow,,AL09-1
H-3,2,Houston,,,SR,210,,AL 210 Ross Clark Circle @ MP 12.7,12.7,,,31.191906,-85.383966,,,,,2009,March Flooding,Flooding,Front,45565,"Borrow, Excelor Blanket, Grass Seed",,7/2/2009,Large Slide on front slopes,No Impact,Translational,Shallow,,AL09-1
014-06-51-1,,Montgomery,,,US,80,,Bridges @ US 80 @ Millies Creek/ AL 126 @ Millies Creek/ I-85 @ Millies Creek,,,,32.367844,-86.069752,,,,,2009,May Flooding,Flooding,Front,271251,,,,"Scour damage, slide @ Millies Creek",No Impact,Translational,Shallow,Stream Nearby,
014-06-51-1,,Montgomery,,,SR,126,,Bridges @ US 80 @ Millies Creek/ AL 126 @ Millies Creek/ I-85 @ Millies Creek,,,,32.368172,-86.069698,,,,,2009,May Flooding,Flooding,Front,271251,,,,"Scour damage, slide @ Millies Creek",No Impact,Translational,Shallow,Stream Nearby,
014-06-51-1,,Montgomery,,,I,85,,Bridges @ US 80 @ Millies Creek/ AL 126 @ Millies Creek/ I-85 @ Millies Creek,,,,32.368507,-86.069725,,,,,2009,May Flooding,Flooding,Front,271251,,,,"Scour damage, slide @ Millies Creek",No Impact,Translational,Shallow,Stream Nearby,
014-06-6-2,,Bullock,,,US,82,,US 82 MP 211.7 LT,211.7,,,32.079456,-85.528236,,,,,2009,May Flooding,Flooding,Front,124976,,,,Embankment slide,No Impact,Translational,Shallow,,
014-06-6-1,,Bullock,,,US,29,,US 29 MP 143.1 RT,143.1,,,32.137725,-85.713363,,,,,2009,May Flooding,Flooding,Front,65698,,,,Embankment slide,No Impact,Translational,Shallow,,
014-06-51-5,,Montgomery,,,US,231,,US 231 MP 89.5,89.5,,,31.97954,-86.026718,,,,,2009,May Flooding,Flooding,Front,242440,,,,Embankment slide,No Impact,Erosion,Shallow,,
014-06-51-4,,Montgomery,,SB,I,85,,I-85 Southbound lane MP 9,9,,,32.362499,-86.166069,,,,,2009,May Flooding,Flooding,Front,12911,,,,slide,No Impact,Translational,Shallow,,
014-06-51-2,,Montgomery,,,SR,126,,SR 126 MP 5.4,5.4,,,32.370551,-86.053352,,,,,2009,May Flooding,Flooding,,19963,,,,Embankment slide,No Impact,Translational,Shallow,,
014-06-51-3,,Montgomery,,NB,I,85,Ramp,I-85 NB @ E. Blvd under US 231 to I-85 SB Ramp,,,,32.363437,-86.212579,,,,,2009,May Flooding,Flooding,Front,15580,,,,Embankment slide,No Impact,Translational,Shallow,Ponding at Toe,
014-06-51-6,,Montgomery,,,SR,9,,SR-9 (US 231) MP 111.5 Northern Bypass,111.5,,,32.419743,-86.22511,,,,,2009,May Flooding,Flooding,Front,10100,,,,"Shoulder slides around wing wall blowout, drainage ditch, Slope paving failure",No Impact,Erosion,Shallow,Ponding at Toe,
016-07-23-1,,DALE,Ozark,,SR,123,,SR-123 @ MP 36.5 NEAR OZARK,36.5,,,31.538475,-85.671604,,,,,2009,December Flooding,Flooding,Front,41426,"Unclassified Excavation, Borrow, Plant Mix, Roadway Pipe, Guardrail Reset, Grassing, Traffic Control",,1/12/2010,"LOSS OF SHOULDER FILL ALONG A 75' STRETCH OR ROADWAY GUARDRAIL DAMAGE & PAVEMENT SETTLEMENT, S INLET LOSS ROADWAY PIPE LOSS, CONCRETE CURB LOSS",Road Closed,Rotational,Shallow,,AL09-03
016-07-55-1,,PIKE,,,US,231,,US 231 @ MP 88.309,88.309,,,31.958894,-86.02504,,,,,2009,December Flooding,Flooding,Back,0,,,1/12/2010,Slope Slide (INELIGIBLE),No Impact,Translational,Shallow,,AL09-03
016-07-55-2,,PIKE,Troy,,US,231,,US 231 MP 85.208(N. OF TROY),85.208,,,31.915834,-86.013914,,,,,2009,December Flooding,Flooding,Front,8360,"Borrow, Underdrain, Rip Rap, Grassing, Unclassified Excavation, Guardrail Reset, Erosion Control",,1/12/2010,Slope Slide 40 YRDS,Traffic Cones,Erosion,Shallow,,AL09-03
016-09-18-5,,CONECUH,,SB,I,65,,I-65 NB & SB MP 89.1-90.0,,89.1,90,31.380356,-87.0406835,31.375555,31.385157,-87.045861,-87.035506,2009,December Flooding,Flooding,Front and Back,124300,"At 89.1  SB Remove and Replace Headwall, Extend Existing Pipe Approx 20ft, Backfill Behind New Headwall, Regrade, Seeding, Grassing. At 89.3  SB Remove and Replace approx 100' Slope Paved Ditch, Regrade Grass and Seed",,1/20/2010,SLIDES ON FRONT AND BACK SLOPE ,,Unknown,,,AL09-03
016-09-27-22,,ESCAMBIA,,NB,I,65,,I-65 MP 48.410 NB MEDIAN,48.41,,,31.043433,-87.607047,,,,,2009,December Flooding,Flooding,Back,8800,,,1/12/2010,SLOPE ON BACK SLOPE,,Rotational,Shallow,,
016-09-27-01,,ESCAMBIA,,,I,65,,I-65 MP 55.050,55.05,,,31.097508,-87.515054,,,,,2009,December Flooding,Flooding,Front,7700,,,1/20/2010,SLIDE ON FRONT SLOPE BRIDGE APPROACH END,,Erosion,Shallow,,
016-09-27-04,,ESCAMBIA,,,I,65,,I-65 SB MP 61.1-61.5,,61.1,61.5,31.137465,-87.421614,31.136048,31.138882,-87.424561,-87.418667,2009,December Flooding,Flooding,Front,113300,,,1/22/2010,SLIDES AND WASHOUTS ON FRONT SLOPE,,Translational,Shallow,,
016-09-27-7,,ESCAMBIA,,,I,65,,I-65 MP 66.950 SB,66.95,,,31.179391,-87.339895,,,,,2009,December Flooding,Flooding,Back,11000,,,1/20/2010,SLIDES ON BACK SLOPE,No Impact,Erosion,Shallow,,
016-09-49-2,,MOBILE,,WB,SR,158,,SR 158 MP .010 AND .02 WB @ BRIDGE,,0.01,0.02,30.807055,-88.225783,,,,,2009,December Flooding,Flooding,Front,173043,At MP .02 Remove 2 ft of Topsoil Replace with Rip Rap approx 75ft x 100ft down Slope,,1/12/2010,FRONT SLOP FAILURE,,Unknown,Shallow,,AL10-1
016-09-49-4,,MOBILE,,,SR,158,,SR 158 MP 4.230 @ SHILLINGER RD,4.23,,,30.802601,-88.155641,,,,,2009,December Flooding,Flooding,Front,574645,"Repair and Stabilize Slope per Geotech Design, Install Sheet Pile, Backfill Slope, Install Slope Drains",,1/12/2010,SLOPE PAVED DITCH FAILURE & SLIDE,Lane Closed,Unknown,Shallow,,AL10-1
016-09-2-3,,BALDWIN,,NB,US,59,,US 59 MP 53.5 NB,53.5,,,30.968485,-87.835509,,,,,2009,December Flooding,Flooding,Front,19004,"Regrade Front Slope, Place Rip Rap Drain Inlet, Install Fill Material, Netting, Grassing, Seeding, Reset Guardrail",,1/12/2010,FRONT SLOPE FAILURE ,,Unknown,,,AL10-1
016-09-2-6,,BALDWIN,,EB,US,90,,US 90 EB MP 43.25,43.25,,,30.667337,-87.914453,,,,,2009,December Flooding,Flooding,Front,18052,,,1/12/2010,FRONT SLOPE FAILURE,,Unknown,,,AL10-1
016-09-49-1,,MOBILE,,,SR,158,,SR 158 MP 1.120,1.12,,,30.808199,-88.20718,,,,,2009,December Flooding,Flooding,Front,12684,,,1/12/2010,FRONT SLOPE FAILURE AROUND BOX CULVERT,No Impact,Erosion,Shallow,,AL10-1
016-9-2-2,,ESCAMBIA ,,,I,65,,I-65 NB MP 33.00,33,,,30.951808,-87.837822,,,,,2009,December Flooding,Flooding,Back,121000,,,1/12/2010,SLOPE FAILURE INSIDE MEDIAN BACK SLOPE,No Impact,Translational,Shallow,,
,,BALDWIN,,,CR,47,,CO. RD 47 @ DYASS CREEK,,,,31.024242,-87.680868,,,,,2009,December Flooding,Flooding,Front,18737,,,,FRONT SLOPE FAILURE BOTH SIDES @ BRIDGE,,Unknown,,,
016-09-27-3,,ESCAMBIA ,,SB,I,65,,I-65 MP 58.8-59.1 SB,,58.8,59.1,31.119063,-87.454846,31.117624,31.120502,-87.456746,-87.452946,2009,December Flooding,Flooding,Front and Back,851400,,,1/20/2010,ABUTMENT & DITCH FAILURE @ & AROUND WET WEATHER CREEK,,Rotational,Deep,Ditch Failure,
016-09-18-9,,ESCAMBIA ,,NB,I,65,,I-65 NB MP 97.60,97.6,,,31.470389,-86.954615,,,,,2009,December Flooding,Flooding,Front,11000,,,1/26/2010,SLIDE ON FRONT SLOPE AROUND BOX CULVERT,No Impact,Rotational,Deep,,
016-09-18-17,,ESCAMBIA ,,NB,I,65,,I-65 NB @ MP 98.36,98.36,,,31.479321,-86.947097,,,,,2009,December Flooding,Flooding,Front,7700,,,1/26/2010,FRONT SLOPE,No Impact,Translational,Shallow,,
016-09-18-10,,CONECUH,,NB,I,65,,I-65 NB MP 98.660 @ DRAIN PIPE,98.66,,,31.482848,-86.944132,,,,,2009,December Flooding,Flooding,Front,8800,,,1/26/2010,SLIDE ON FRONT SLOPE OVER DRAIN PIPE,No Impact,Rotational,Shallow,,
016-09-18-11,,CONECUH,,NB,I,65,,I-65 NB MP 98.6 OVER BOX CULVERT,98.6,,,31.48214,-86.944721,,,,,2009,December Flooding,Flooding,Front,13200,,,1/26/2010,SLIDE ON FRONT SLOPE OVER  BOX CULVERT & UNDERMINED QUARDRAIL,No Impact,Rotational,Shallow,,
016-09-18-13,,CONECUH,,SB,I,65,,I-65 SB MP 104.30,104.3,,,31.545049,-86.8824,,,,,2009,December Flooding,Flooding,Front,27500,,,1/26/2010,"SLIDE ON FRONT SLOPE, WASHED OUT CONCRETE FLUME",No Impact,Rotational,Shallow,Concrete Flume Failure,
016-09-18-6,,CONECUH,,SB,I,65,,I-65 SB MP 93.8 @ BOX CULVERT,93.8,,,31.428263,-86.996012,,,,,2009,December Flooding,Flooding,Front,13200,,,1/26/2010,SLIDES ON FRONT SLOPE,No Impact,Rotational,Shallow,,
016-09-18-3,,CONECUH,,NB,I,65,,I-65 NB MP 80.5-80.9,,80.5,80.9,31.305702,-87.165711,,,,,2009,December Flooding,Flooding,Front,11000,,,1/26/2010,GUARDRAIL UNDERMINE FRONT SLOPE AND DITCH FAILURE,No Impact,Unknown,Shallow,,
016-09-18-18,,CONECUH,,,US,84,,US 84 MP 115.653 JUST WEST SEPULGA CREEK,115.653,,,31.408418,-86.732248,,,,,2009,December Flooding,Flooding,Fron,22000,,,2/10/2010,"FRONT SLOPE FAILURE, APPROX 350 FEET",Traffic Cones,Translational,Shallow,,
016-09-18-19,,CONECUH,,,US,84,,US 84 MP 119.356 RT & LF SIDE,119.356,,,31.392628,-86.67353,,,,,2009,December Flooding,Flooding,Front,9864,"Remove Temporary Fill Material, Place New Material to Grade Compact Seed and Grass, Both Sides",,2/10/2010,FRONT SLOPE FAILURE & UNDERMINED PAVEMENT,,Unknown,,,AL10-1
Tusc-1,,Tuscaloosa ,,WB,US,82,,US82 at Sipsey River,,,,33.374052,-88.004332,,,,,2011,AL2011-01 Flooding,Tornadoes,,1750000,"Remove Slide from Roadway and Stabalize, Lay Back Slope and Regrass",,5/9/2011,Slide on WB Lane,,Unknown,,,AL11-1
022-09-49-1,,Mobile,,,SR,158,Intersection,"ON SR 158, E of Schillinger Rd",,,,30.80703,-88.224604,,,,,2012,Hurricane Isaac,Hurricane,Front,732853,"Remove Failed Slope Material, Install Sheet Pipes, Install Rock Buttress at Toe of Slope, Reinstall Rip Rap at Tip of Slope",,9/18/2012,"Front Slope Failure, approximately 485' long roadway and should plus quardrail intact",,Unknown,,,AL12-2
022-06-43-1,,Lowndes,,,SR,21,,SR21 MP 102-109,,102,109,32.049503,-86.810893,,,,,2012,Hurricane Isaac,Hurricane,Front,57879,"Borrow, Rip Rap, Filter Frabric, Grassing",,10/25/2012,Front Slope Failure,Traffic Cones,Translational,Shallow,,AL12-2
022-06-43-2,,Lowndes,,,SR,263,,SR 263 MP 8.0 - 10.5,,8,10.5,31.977764,-86.723271,,,,,2012,Hurricane Isaac,Hurricane,Front and Back,7275,,,10/25/2012,Front Slope Failure and Back Slope Failure,No Impact,Translational,Shallow,,AL12-2
022-06-7-1,,Butler,,,SR,263,,SR 263 MP 2.6,2.6,,,31.908308,-86.684518,,,,,2012,Hurricane Isaac,Hurricane,Front,6525,"Borrow, Rip Rap, 48'' Concrete Pipe, Grassing, Foundation Backfill, Pipe Extension",,10/25/2012,Front Slope Failure,No Impact,Translational,Shallow,,AL12-2
22-06-7-2,,Butler,,,SR,263,,SR 263 MP 3.5,3.5,,,31.919974,-86.690993,,,,,2012,Hurricane Isaac,Hurricane,Front,11066,"Borrow, Rip Rap, Debris Removal",,10/26/2012,"Front Slope Failure, scour repair and debris removal",No Impact,Erosion,Shallow,Stream Nearby,AL12-2
021-05-69-1,,Tuscaloosa,,SB,I,59,,"I-59/20 Southbound, MP 80.5",80.5,,,33.175841,-87.397325,,,,,2013,Heavy Rains & Flooding,Rain and Flooding,Back,191725,"Perform Geotechnical Investigation, Remove Failed Material, Install Flume, Underdrain, Rip Rap, Seed and Grass, Erosion Control, Traffic Control",,4/10/2013,Backslope Failure for 310',Traffic Control,Unknown,,,AL13-1
023-06-24-1,,Dallas,,,US,80,Interchange,US 80 at SR5 from MP65.8 to 66.734,,65.8,66.734,32.43959,-87.3152,32.43953,32.43965,-87.3232,-87.3072,2013,Heavy Rains & Flooding,Rain and Flooding,,428348,,,3/5/2013,"Slide Repair, Slide at Sequadrant of Interchange Slide and Shoulder ",,Unknown,,,AL13-1
023-06-44-1,,Macon,,,US,80,,SR08 MP 174.130 (US80),174.13,,,32.425954,-85.686512,,,,,2013,Heavy Rains & Flooding,Rain and Flooding,Front,140000,Slide Drainage and Sidewalk Repair,,3/6/2013,Frontslope Slide Repair,,Unknown,,,AL13-1
023-06-44-2,,Macon,,,SR,15,,SR 15 (US29) MP 164.142,164.142,,,32.418022,-85.685783,,,,,2013,Heavy Rains & Flooding,Rain and Flooding,Front,340000,"Frontslope Slide Sidewalk, Drainage Structure Relocation, Row Acquisition",,3/6/2013,Frontslope Slide Repair,,Unknown,,,AL13-1
023-06-51-3,,Montgomery,,,SR,9,,SR9 MP 93.00 & 92.5 (US 331),,93,92.5,32.218091,-86.292961,32.221693,32.214489,-86.293469,-86.292453,2013,Heavy Rains & Flooding,Rain and Flooding,Front,54500,Repair Frontslope Slide and Guardrail Reset,,3/6/2013,Frontslope Failure,,Unknown,,,AL13-1
023-06-51-2,,Montgomery,,,SR,6,,SR6 MP 170.10 & 170.50 (US 231),,170.1,170.5,32.2040545,-86.1176595,32.20697,32.201139,-86.117707,-86.117612,2013,Heavy Rains & Flooding,Rain and Flooding,Front,92000,"Repair Slide on Frontslope, Shoulder Including Guardrail Reset",,3/6/2013,Frontslope repair & Guardrail Repair,,Unknown,,,AL13-1
023-06-51-4,,Montgomery,,"NB, SB",I,85,,I-85 NB & SB MP4 (Between Perry Hill Rd. and Ann St. Exit),4,,,32.359542,-86.256639,,,,,2013,Heavy Rains & Flooding,Rain and Flooding,Back,86250,Repair Slope,,3/6/2013,Back slope slide repair in median and on shoulder,,Unknown,,,AL13-1
023-06-43-1,,Lowndes,,EB,SR,263,,SR263 at MP 7.690 EB shoulder,7.69,,,31.974446,-86.719687,,,,,2013,Heavy Rains & Flooding,Rain and Flooding,Front,11000,Repair Front Slope Slide,,3/5/2013,Slide on EB shoulder Front slope,,Unknown,,,AL13-1
023-06-43-2,,Lowndes,,SB,SR,21,,SR21 at MP 110.3,110.3,,,32.077421,-86.690818,,,,,2013,Heavy Rains & Flooding,Rain and Flooding,Front,11000,Repair Front Slope Slide,,3/5/2013,Slide on SB shoulder,,Unknown,,,AL13-1
023-06-43-3,,Lowndes,,WB,US,80,,US80 (SR8) at MP 110.1,110.1,,,32.262081,-86.658186,,,,,2013,Heavy Rains & Flooding,Rain and Flooding,,154560,"Mobilization, Erosion Control, Traffic Control, Unclassified Excavation, Borrow Material, Sheet Piling, Grout, Slope Paving, Rip Rap",,3/5/2013,Large Slide on WB fill Slope with undermining of culvert and loss of 50' of slope paving,Traffic Control,Unknown,,,AL13-1
023-08-12-1,,Choctaw,,WB,US,84,,US 84 MP 15.6,15.6,,,31.771361,-88.209967,,,,,2013,Heavy Rains & Flooding,Rain and Flooding,Front,792000,"Set up Traffic Control, Geo-tech Drilling, Surving, Tree Removel, Regrade Ditch, Extend Drain Pipe, Rip Rap Line Ditch, Rebuild Front Slope with Underdrain, Rebuild WB Shoulder and Travel Lane, Reset Guardrail",,3/6/2013,"Frontslope Slide Repair, WB lane, Approximately 300'",Traffic Control,Unknown,,,AL13-1
023-08-12-2,,Choctaw,Pennington,EB,SR,114,,SR 114 MP1.35 EB,1.35,,,32.150567,-88.079564,,,,,2013,Heavy Rains & Flooding,Rain and Flooding,Front,23540,"Excavate Failed Material, Backfill Graded, Seed, Mulch, Refrade Ditch, Install Filter Fabric, Line with Rip Rap",,3/5/2013,"Frontslope Slide Repair, ditch washed out",,Unknown,,,AL13-1
023-08-12-3,,Choctaw,Bulter,NB,SR,17,,SR17 MP 109.25 in Butler,109.25,,,32.097025,-88.219366,,,,,2013,Heavy Rains & Flooding,Rain and Flooding,Front,8800,"Excavate, Backfill with Rip Rap Collar around Culverd, Compute Grade, Seed, Mulch, Set up Traffic Control",,3/5/2013,"Frontslope Slide Repair over culvert, NB lane",Traffic Control,Unknown,,,AL13-1
023-08-13-1,,Clarke,Thomesville,NB,SR,5,,SR 5 MP 0.75,0.75,,,31.951377,-87.730641,,,,,2013,Heavy Rains & Flooding,Rain and Flooding,Front,579700,"Traffic Control, Excavate Failed Material, Reweld New Pipe, Install Drain, Geotech Drilling, Backfill, Grade, Install Paving to get lanes Back Open",,3/6/2013,"Frontslope Slide Repair, approximately 300', drain pipe and inlet destroyed",Traffic Control,Unknown,,,AL13-1
023-08-13-2,,Clarke,,NB,US,43,,US43 MP 80.5 NB,80.5,,,31.761308,-87.763588,,,,,2013,Heavy Rains & Flooding,Rain and Flooding,Back,110000,"Geotech Investigation, Remove Failed Material, Install Underdrain, Backfill, Add Rip Rap Buttress at Toe of Slope",,3/6/2013,Backslope Failure for 120',,Unknown,,,AL13-1
023-08-13-3,,Clarke,,,SR,69,,SR 69 MP 25.75,25.75,,,31.796165,-88.087752,,,,,2013,Heavy Rains & Flooding,Rain and Flooding,Front,16500,"Excavate Failed Material, Extend Drain Pipe and Reconnect, Pour New Headwall, Backfill, Seed and Grass",,3/6/2013,"Frontslope Slide Repair, drainage structure wing wall blown off, drain pipe under roadway clogged",,Unknown,,,AL13-1
023-08-13-4,,Clarke,,NB,SR,69,,SR 69 MP 26.10,26.1,,,31.800361,-88.091048,,,,,2013,Heavy Rains & Flooding,Rain and Flooding,Front,112750,"Backfill Slope, Drive Sheet Pile, Excavate area, Divert Stream, Remove Old Wing Wall, Pour New Wing Wall and Tie into Existing Culvert, Backfill Slope, Seed and Grass",,3/6/2013,"Frontslope Slide Repair,wing wall of box culvert cracked, NB lane",,Unknown,,,AL13-1
023-08-60-2,,Sumter,,SB,SR,17,,SR 17 MP 147.8 SB,147.8,,,32.595546,-88.30615,,,,,2013,Heavy Rains & Flooding,Rain and Flooding,Front,8250,"Excavate Failed Material, Add Fill Material, Grade Seed, Grassing, Rolled Erosion Control, Netting",,3/5/2013,"Frontslope Slide Repair, approximately 130'",,Unknown,,,AL13-1
023-08-60-4,,Sumter,,,SR,11,Intersection,At intersection of SR 11 and CR 12,,,,32.571418,-88.196739,,,,,2013,Heavy Rains & Flooding,Rain and Flooding,Front,11660,"Excavate Failed Material, Add Fill Material, Add Top Soil, Seed and Mulch",,3/5/2013,"Frontslope Slide Repair, Three Slides",,Unknown,,,AL13-1
023-08-46-1,,Marengo,,SB,SR,69,,SR 69 btwn MP 67.6 and 67.7 SB,,67.6,67.7,32.2606405,-87.896109,32.260387,32.260894,-87.89691,-87.895308,2013,Heavy Rains & Flooding,Rain and Flooding,Front,53570,"Excavate Failed Material, Backfill with Borrow, Topsoil, Seed, Mulch, Haul off Bad Material, Remove Temporary Patch, Install Binder and Wearing Layer Seed, Grass Toe of Slope",,3/5/2013,"Frontslope Slide Repair, approximately 250'",,Unknown,,,AL13-1
023-08-66-1,,Wilcox,,"NB, SB",SR,41,,SR 41 MP 79.8,79.8,,,31.909653,-87.366286,,,,,2013,Heavy Rains & Flooding,Rain and Flooding,Back,330000,"Geotech Investigation, Remove Failed Material, Install Underdrain, Install Rip Rap Backfill",,3/6/2013,Backslope failure for 400',,Unknown,,,AL13-1
026-09-49-1,,Mobile,,EB,I,10,,I-10 @ Broad St. ,24.5,,,30.660037,-88.059183,,,,,2014,April Rainstorm,Rain,Front,222500,"Cleaned Fill Material from Ditch, Placed Fabric on Front Slope, Traffic Control, Replace Fill Material, Geotechnical Recommendation, Place Erosion Control Netting & Seed & Mulch or Sodding",,5/7/2014,front slope failure,No Impact,Translational,Shallow,Stream Nearby,
026-09-49-2,,Mobile,,WB,I,10,,I- 10 @ Range line Rd. exit 17,,,,30.59339,-88.148496,,,,,2014,April Rainstorm,Rain,Back,330000,"Replace Fill Material and Grade as per Geotechnical Recommendation, Place Erosion Control Netting and Seed Mulch or Sod",,5/7/2014,Back slope failure,No Impact,Translational,Shallow,,
026-09-49-5,,Mobile,,,US,45,,Hwy 45 @ MP 17,17,,,30.894601,-88.201352,,,,,2014,April Rainstorm,Rain,Front,34500,"Placed Temporary Fill Material, Removel Temporary Fill Material, Place New Material, Compact and Seed and Mulch or Sod",,5/7/2014,front slope failure,No Impact,Translational,Shallow,,
026-09-2-5,,Baldwin,,,SR,59,,Intercoastal Bridge @ 22nd Ave.,2,,,30.276072,-87.687078,,,,,2014,April Rainstorm,Rain,Front,391000,"Removed Devris from Ditch, Placed Facric to Cover Slope, Traffic Control to Close Outside Lane, Place Fill Material in Accordance with Geotechnical Recommendation, Seed and Mulc or Sod",,5/8/2014,slide ,Lane Closed,Rotational,Shallow,,
026-09-2-7,,Baldwin,,EB,I,10,,I-10 at D?Olive Creek (MP 37.0),37,,,30.656004,-87.912378,,,,,2014,April Rainstorm,Rain,,852080,Repair Severe Scour Hole Slope Failure and Culvert Under Minling and Place Rip Rap,,5/7/2014,"Severe erosion at culvert, slope failure, severe scour hole, slope failure, culvert undermining",No Impact,Unknown,Shallow,Stream Nearby,
026-09-2-20,,Baldwin,,,I,10,,I-10 at MP 59.3 and MP 60.7 - ,,59.3,60.7,30.5827115,-87.514841,30.584479,30.580944,-87.526241,-87.503441,2014,April Rainstorm,Rain,Front,20000,"Place Fill Material Seeding and Mulching, Erosion Control and Netting, Place Fill Material in Accordance with Geotechnical Recommendations, Seed and Mulch or Sod",,5/7/2014,Front Slope Failures,No Impact,Translational,Shallow,,
026-06-51-1,,6th divison,,,SR,9,,SR9 (US 331) MP 77.5 ,77.5,,,32.016426,-86.286757,,,,,2014,April Rainstorm,Rain,Front,50000,Repair Slide and Install Rock Buttress,,5/5/2014, Front Slope Failure,,Unknown,,,
5-Mar,3,Jefferson,,,CR,113,,"Rocky Ridge Road, 1/2 mile south of US-280",,,,,,,,,,2004,Hurricane Ivan,Rain,Front,5538,,,9/30/2004,Front Slope Failure,No Impact,,Shallow,,1-Apr
Franklin-03,2,Franklin,,,SR,247,,,3.4,,,,,,,,,2004,Hurricane Ivan,Rain,Front,46000,"Rip Rap, Replace failed soil",,10/5/2004,Slide,No Impact,Transitional,Shallow,,1-Apr
Russell-03,4,Russell,,,CR,65,,,,,,,,,,,,2004,Hurricane Ivan,Rain,,45000,,,,,,,,In DDIR Summery Report,
LTAUT-1,2,Autauga ,,,CR,47,,CR-47 1.5 N. or SR-14 Sites,,,,,,,,,,2009,March Flooding,Flooding,Front,41300,"Unclassified Excavation, Rip Rap, Traffic Control, Seeding",,4/13/2009,Large Slide,Traffic Control,Transitional,Shallow,,AL09-1
LTAUT-2,2,Autauga ,,,CR,47,,CR-47 1/2 N or AL14 near CR 97,,,,,,,,,,2009,March Flooding,Flooding,Front,11300,"Borrow, Rip Rap, Seeding, Traffic Control",,4/13/2009,Large Slide around Roadway Pipe,Traffic Control,Transitional,Shallow,,AL09-1
LTAUT-3,2,Autauga ,,,CR,47,,CR-47 1 mi N,,,,,,,,,,2009,March Flooding,Flooding,,125090,,,,Large Slide Taking Half of Roadway,Lane Closed,,,,
LTAUT-4,2,Autauga ,,,CR,1,,CR-1 4 miles North of SR14 and near CR-97 Site 1 and Site 2,,,,,,,,,,2009,March Flooding,Flooding,Front,43404,"Rip Rap, Sheet Pile, Unclassified Excavation, Seeding, Plant Mix",,4/14/2009,Large Slide Over Culvert with Loss of Culvert Wingwall ,,,Shallow,,AL09-1
CHO-1,1,Choctaw,,,CR,23,,CR 23,,,,,,,,,,2009,March Flooding,Flooding,Front,225000,"Remove and Reconstruct Roadway Fill, Base and Pave (Approximately 400', 20 ft deep)",,6/23/2009,Embankment slide,Road Closed,Rotational,Shallow,,AL09-1
CLA-1,1,Clarke,,,CR,27,,CR 27 (OLD AL5),,,,,,,,,,2009,March Flooding,Flooding,Front,200000,"Remove/Replace Embankment, Install Underdrain, Base and Pave, Place Topsoil, Permanent, Erosion Control, Striping, Rip Rap End Treatment, Dress Slopes",,6/18/2009,Slope Failure/Slide,,Surface Erosion,Shallow,,AL09-1
CLA-3,1,Clarke,Suggsville,,CR,35,,CR 35 Near Suggsville,,,,,,,,,,2009,March Flooding,Flooding,,50000,Repair Slides w/ Borrow and Rip Rap,,6/18/2009,Embankment slide,Traffic Cones,,,,AL09-1
LTDALE9,2,Dale,,,CR ,59,,CR 59,,,,,,,,,,2009,March Flooding,Flooding,Front,8594,"Borrow, Seeding, Rip Rap",,4/22/2009,Shoulder and Front Slope Erosion,,Erosion,Shallow,,AL09-1
LTDALE10,2,Dale,,,CR,9,,CR-9 Site 2,,,,,,,,,,2009,March Flooding,Flooding,Front,55600,"Pipe 42"", Rip Rap, Borrow",,4/22/2009,Scour and Slide,No Impact,Rotational,Shallow,,AL09-1
LTLOW-1,7,Lowndes,,,CR,37,,CR 37 3 miles North of SR 185,,,,,,,,,,2009,March Flooding,Flooding,Front,115325,"Unclassified Excavation, Under Drain, Plant Mix, Seeping, Borrow Excavation, Traffic Control, Mobilization",,4/14/2009,Very Large Slide that is Slowly Causing the Roadway to Subside,"Road Closed, Traffic Control",Rotational,,,AL09-1
LTMAC1,3,Macon,,,CR,65,,CR 65 bridge over I-85,,,,,,,,,,2009,March Flooding,Flooding,Front,15690,"Borrow, Filter Blanket, Rip Rap, Grassing",,4/20/2009,Large Slide,No Impact,Transitional,Shallow,,AL09-1
WIL-1,1,Wilcox,,,CR,9,,CR 9,,,,,,,,,,2009,March Flooding,Flooding,Front,40000,Repair Slope and Shoulder,,6/23/2009,Slope Failure -- Approximately 200',Lane Closure,Rotational,Shallow,,AL09-1
WIL-2,1,Wilcox,,,CR,9,,CR 9,,,,,,,,,,2009,March Flooding,Flooding,Front,25000,Repaire Slope,,6/23/2009,Slope Failure -- Approximately 200',No Impact,Rotational,Shallow,,AL09-1
